mean_fit_time,std_fit_time,mean_score_time,std_score_time,param_clf__n_estimators,param_clf__min_samples_split,param_clf__min_samples_leaf,param_clf__max_features,param_clf__max_depth,param_clf,params,split0_test_score,split1_test_score,split2_test_score,split3_test_score,split4_test_score,mean_test_score,std_test_score,rank_test_score
0.9967880249023438,0.04424904001754738,0.19492511749267577,0.024064096225262996,20,5,10,sqrt,45,"RandomForestClassifier(max_depth=30, max_features='sqrt', min_samples_leaf=2,
                       min_samples_split=20, n_estimators=200)","{'clf__n_estimators': 20, 'clf__min_samples_split': 5, 'clf__min_samples_leaf': 10, 'clf__max_features': 'sqrt', 'clf__max_depth': 45, 'clf': RandomForestClassifier(max_depth=30, max_features='sqrt', min_samples_leaf=2,
                       min_samples_split=20, n_estimators=200)}",0.8514008427383292,0.8528692397850165,0.8559403903961462,0.8583606667931521,0.8582469922205068,0.85536362638663,0.002812626004804666,56
14.497736310958862,0.08965372630625311,0.7846151828765869,0.0035722566863716637,500,20,25,auto,45,"RandomForestClassifier(max_depth=30, max_features='sqrt', min_samples_leaf=2,
                       min_samples_split=20, n_estimators=200)","{'clf__n_estimators': 500, 'clf__min_samples_split': 20, 'clf__min_samples_leaf': 25, 'clf__max_features': 'auto', 'clf__max_depth': 45, 'clf': RandomForestClassifier(max_depth=30, max_features='sqrt', min_samples_leaf=2,
                       min_samples_split=20, n_estimators=200)}",0.845353065182013,0.848455991059486,0.8523360084895367,0.8573925698910043,0.8538046554469609,0.8514684580138002,0.004189953471011281,89
14.488815307617188,0.13832425023771278,0.8009896278381348,0.01735515111204638,500,50,25,sqrt,50,"RandomForestClassifier(max_depth=30, max_features='sqrt', min_samples_leaf=2,
                       min_samples_split=20, n_estimators=200)","{'clf__n_estimators': 500, 'clf__min_samples_split': 50, 'clf__min_samples_leaf': 25, 'clf__max_features': 'sqrt', 'clf__max_depth': 50, 'clf': RandomForestClassifier(max_depth=30, max_features='sqrt', min_samples_leaf=2,
                       min_samples_split=20, n_estimators=200)}",0.8465904026843157,0.8485471613759978,0.8528425524702518,0.8570618952570038,0.8535265598577649,0.8517137143290668,0.0037266366474797536,81
3.154260206222534,0.05850954549627271,0.28009786605834963,0.0010491189776516221,100,50,25,sqrt,45,"RandomForestClassifier(max_depth=30, max_features='sqrt', min_samples_leaf=2,
                       min_samples_split=20, n_estimators=200)","{'clf__n_estimators': 100, 'clf__min_samples_split': 50, 'clf__min_samples_leaf': 25, 'clf__max_features': 'sqrt', 'clf__max_depth': 45, 'clf': RandomForestClassifier(max_depth=30, max_features='sqrt', min_samples_leaf=2,
                       min_samples_split=20, n_estimators=200)}",0.8432209836937853,0.8484477755764175,0.8525646694678898,0.8581730694048095,0.8541334072731442,0.8513079810832093,0.00510435184586576,92
1.9189377784729005,0.03766715226661959,0.2262722969055176,0.004114368441375111,50,5,10,auto,35,"RandomForestClassifier(max_depth=30, max_features='sqrt', min_samples_leaf=2,
                       min_samples_split=20, n_estimators=200)","{'clf__n_estimators': 50, 'clf__min_samples_split': 5, 'clf__min_samples_leaf': 10, 'clf__max_features': 'auto', 'clf__max_depth': 35, 'clf': RandomForestClassifier(max_depth=30, max_features='sqrt', min_samples_leaf=2,
                       min_samples_split=20, n_estimators=200)}",0.8471562945850976,0.8527078186300251,0.8563413619223808,0.8597343582619532,0.8591472531717902,0.8550174173142494,0.004651653514283132,60
14.412976741790771,0.16264658728005876,0.8047209262847901,0.019033156126180697,500,20,25,sqrt,60,"RandomForestClassifier(max_depth=30, max_features='sqrt', min_samples_leaf=2,
                       min_samples_split=20, n_estimators=200)","{'clf__n_estimators': 500, 'clf__min_samples_split': 20, 'clf__min_samples_leaf': 25, 'clf__max_features': 'sqrt', 'clf__max_depth': 60, 'clf': RandomForestClassifier(max_depth=30, max_features='sqrt', min_samples_leaf=2,
                       min_samples_split=20, n_estimators=200)}",0.8468237739136438,0.8470638540564973,0.8540495788790278,0.8577166776867066,0.8542151005045581,0.8519737970080868,0.004311456085571206,73
17.765999126434327,0.08360968713914305,0.9859798908233642,0.04499777229542097,500,20,2,sqrt,45,"RandomForestClassifier(max_depth=30, max_features='sqrt', min_samples_leaf=2,
                       min_samples_split=20, n_estimators=200)","{'clf__n_estimators': 500, 'clf__min_samples_split': 20, 'clf__min_samples_leaf': 2, 'clf__max_features': 'sqrt', 'clf__max_depth': 45, 'clf': RandomForestClassifier(max_depth=30, max_features='sqrt', min_samples_leaf=2,
                       min_samples_split=20, n_estimators=200)}",0.8527453228817563,0.8575410527250776,0.8552334926083086,0.8651283065849948,0.860992887278036,0.8583282124156348,0.00435217967106742,8
1.0243819236755372,0.014686320657342305,0.1878523826599121,0.005955886658337633,20,5,5,sqrt,60,"RandomForestClassifier(max_depth=30, max_features='sqrt', min_samples_leaf=2,
                       min_samples_split=20, n_estimators=200)","{'clf__n_estimators': 20, 'clf__min_samples_split': 5, 'clf__min_samples_leaf': 5, 'clf__max_features': 'sqrt', 'clf__max_depth': 60, 'clf': RandomForestClassifier(max_depth=30, max_features='sqrt', min_samples_leaf=2,
                       min_samples_split=20, n_estimators=200)}",0.8490709681946654,0.8536335183740874,0.8552020080988039,0.861526625783612,0.8570395189013853,0.8552945278705109,0.004083729804737021,57
7.355145215988159,0.11346646743810325,0.48211989402770994,0.004166448210559506,200,20,2,sqrt,40,"RandomForestClassifier(max_depth=30, max_features='sqrt', min_samples_leaf=2,
                       min_samples_split=20, n_estimators=200)","{'clf__n_estimators': 200, 'clf__min_samples_split': 20, 'clf__min_samples_leaf': 2, 'clf__max_features': 'sqrt', 'clf__max_depth': 40, 'clf': RandomForestClassifier(max_depth=30, max_features='sqrt', min_samples_leaf=2,
                       min_samples_split=20, n_estimators=200)}",0.8542586882049801,0.8571377512342474,0.8572989264342085,0.8644469570036346,0.8598835503987685,0.8586051746551678,0.003420883684704164,4
1.0545339107513427,0.014277550666323082,0.18746342658996581,0.003849289410857121,20,10,2,sqrt,60,"RandomForestClassifier(max_depth=30, max_features='sqrt', min_samples_leaf=2,
                       min_samples_split=20, n_estimators=200)","{'clf__n_estimators': 20, 'clf__min_samples_split': 10, 'clf__min_samples_leaf': 2, 'clf__max_features': 'sqrt', 'clf__max_depth': 60, 'clf': RandomForestClassifier(max_depth=30, max_features='sqrt', min_samples_leaf=2,
                       min_samples_split=20, n_estimators=200)}",0.8507332416983746,0.8523315633254321,0.8548598354592047,0.8646394615679474,0.8576369353228859,0.8560402074747688,0.004895057018122581,42
14.442471122741699,0.06487166281701609,0.8039556503295898,0.02573311628156723,500,10,25,auto,50,"RandomForestClassifier(max_depth=30, max_features='sqrt', min_samples_leaf=2,
                       min_samples_split=20, n_estimators=200)","{'clf__n_estimators': 500, 'clf__min_samples_split': 10, 'clf__min_samples_leaf': 25, 'clf__max_features': 'auto', 'clf__max_depth': 50, 'clf': RandomForestClassifier(max_depth=30, max_features='sqrt', min_samples_leaf=2,
                       min_samples_split=20, n_estimators=200)}",0.8463141705780931,0.8481753592367401,0.851832255147944,0.8572016520719661,0.8533432718331455,0.8513733417735778,0.0038440273763385236,90
3.4766806602478026,0.05848563846517966,0.2983109951019287,0.005944752874805477,100,20,10,auto,60,"RandomForestClassifier(max_depth=30, max_features='sqrt', min_samples_leaf=2,
                       min_samples_split=20, n_estimators=200)","{'clf__n_estimators': 100, 'clf__min_samples_split': 20, 'clf__min_samples_leaf': 10, 'clf__max_features': 'auto', 'clf__max_depth': 60, 'clf': RandomForestClassifier(max_depth=30, max_features='sqrt', min_samples_leaf=2,
                       min_samples_split=20, n_estimators=200)}",0.8492589190210976,0.8519151908793026,0.8559535491099425,0.8621172234580838,0.8603847862330413,0.8559259337402935,0.004873383631385988,47
15.428646230697632,0.16790582659713488,0.8327608108520508,0.009903437935498239,500,50,10,sqrt,50,"RandomForestClassifier(max_depth=30, max_features='sqrt', min_samples_leaf=2,
                       min_samples_split=20, n_estimators=200)","{'clf__n_estimators': 500, 'clf__min_samples_split': 50, 'clf__min_samples_leaf': 10, 'clf__max_features': 'sqrt', 'clf__max_depth': 50, 'clf': RandomForestClassifier(max_depth=30, max_features='sqrt', min_samples_leaf=2,
                       min_samples_split=20, n_estimators=200)}",0.847111677039852,0.8511402681590085,0.8567168988639894,0.8611908424992537,0.8596245994854929,0.8551568572095192,0.005285098694405349,58
0.8791137218475342,0.020197453090771887,0.17906861305236815,0.005707736024081764,20,20,25,auto,35,"RandomForestClassifier(max_depth=30, max_features='sqrt', min_samples_leaf=2,
                       min_samples_split=20, n_estimators=200)","{'clf__n_estimators': 20, 'clf__min_samples_split': 20, 'clf__min_samples_leaf': 25, 'clf__max_features': 'auto', 'clf__max_depth': 35, 'clf': RandomForestClassifier(max_depth=30, max_features='sqrt', min_samples_leaf=2,
                       min_samples_split=20, n_estimators=200)}",0.8465124041590756,0.8486470522495633,0.8514542010695565,0.8548993814930754,0.8518255762012766,0.8506677230345094,0.0028710935318456356,100
1.9821717739105225,0.0345767023971993,0.22614521980285646,0.0048772972020779985,50,5,5,auto,35,"RandomForestClassifier(max_depth=30, max_features='sqrt', min_samples_leaf=2,
                       min_samples_split=20, n_estimators=200)","{'clf__n_estimators': 50, 'clf__min_samples_split': 5, 'clf__min_samples_leaf': 5, 'clf__max_features': 'auto', 'clf__max_depth': 35, 'clf': RandomForestClassifier(max_depth=30, max_features='sqrt', min_samples_leaf=2,
                       min_samples_split=20, n_estimators=200)}",0.8521172996600461,0.852452821510266,0.8546615552769443,0.8624625756457088,0.8617375575090002,0.856686361920393,0.004511723798313668,36
3.336625099182129,0.04107619168808319,0.3149277210235596,0.04191202241134583,100,50,10,auto,40,"RandomForestClassifier(max_depth=30, max_features='sqrt', min_samples_leaf=2,
                       min_samples_split=20, n_estimators=200)","{'clf__n_estimators': 100, 'clf__min_samples_split': 50, 'clf__min_samples_leaf': 10, 'clf__max_features': 'auto', 'clf__max_depth': 40, 'clf': RandomForestClassifier(max_depth=30, max_features='sqrt', min_samples_leaf=2,
                       min_samples_split=20, n_estimators=200)}",0.8484011629992898,0.8510449571976417,0.8558385244038548,0.8613311084087883,0.8577470681405701,0.854872564230029,0.0046354774119115975,62
5.967932939529419,0.03335129193062055,0.40390467643737793,0.004903861878664215,200,5,25,auto,30,"RandomForestClassifier(max_depth=30, max_features='sqrt', min_samples_leaf=2,
                       min_samples_split=20, n_estimators=200)","{'clf__n_estimators': 200, 'clf__min_samples_split': 5, 'clf__min_samples_leaf': 25, 'clf__max_features': 'auto', 'clf__max_depth': 30, 'clf': RandomForestClassifier(max_depth=30, max_features='sqrt', min_samples_leaf=2,
                       min_samples_split=20, n_estimators=200)}",0.8460901385456693,0.8478460052888973,0.8524814645387874,0.8568334376377897,0.8543028241148705,0.8515107740252027,0.00399705768288908,88
3.605262279510498,0.048353024632581704,0.3007638931274414,0.0031319180928932175,100,20,5,sqrt,40,"RandomForestClassifier(max_depth=30, max_features='sqrt', min_samples_leaf=2,
                       min_samples_split=20, n_estimators=200)","{'clf__n_estimators': 100, 'clf__min_samples_split': 20, 'clf__min_samples_leaf': 5, 'clf__max_features': 'sqrt', 'clf__max_depth': 40, 'clf': RandomForestClassifier(max_depth=30, max_features='sqrt', min_samples_leaf=2,
                       min_samples_split=20, n_estimators=200)}",0.850250437521229,0.8535385464429803,0.8568292930820767,0.8633822421391352,0.8591876187870406,0.8566376275944924,0.004526135594801895,38
3.210023832321167,0.04475680757375795,0.2928635597229004,0.023639492868202275,100,50,25,sqrt,60,"RandomForestClassifier(max_depth=30, max_features='sqrt', min_samples_leaf=2,
                       min_samples_split=20, n_estimators=200)","{'clf__n_estimators': 100, 'clf__min_samples_split': 50, 'clf__min_samples_leaf': 25, 'clf__max_features': 'sqrt', 'clf__max_depth': 60, 'clf': RandomForestClassifier(max_depth=30, max_features='sqrt', min_samples_leaf=2,
                       min_samples_split=20, n_estimators=200)}",0.8465904026843157,0.8472544815443593,0.853120542644559,0.8573092010712627,0.8546684410869428,0.8517886138062879,0.004198191934251736,78
1.735020399093628,0.03159968559342795,0.23723783493041992,0.0262629049682663,50,50,25,sqrt,60,"RandomForestClassifier(max_depth=30, max_features='sqrt', min_samples_leaf=2,
                       min_samples_split=20, n_estimators=200)","{'clf__n_estimators': 50, 'clf__min_samples_split': 50, 'clf__min_samples_leaf': 25, 'clf__max_features': 'sqrt', 'clf__max_depth': 60, 'clf': RandomForestClassifier(max_depth=30, max_features='sqrt', min_samples_leaf=2,
                       min_samples_split=20, n_estimators=200)}",0.8458614891059537,0.8478550817634488,0.8528425524702518,0.8568492218313543,0.8520489451509017,0.851091458064382,0.0038719933781643867,96
1.8900769710540772,0.033760346747472136,0.23404545783996583,0.011103802629212917,50,50,5,sqrt,50,"RandomForestClassifier(max_depth=30, max_features='sqrt', min_samples_leaf=2,
                       min_samples_split=20, n_estimators=200)","{'clf__n_estimators': 50, 'clf__min_samples_split': 50, 'clf__min_samples_leaf': 5, 'clf__max_features': 'sqrt', 'clf__max_depth': 50, 'clf': RandomForestClassifier(max_depth=30, max_features='sqrt', min_samples_leaf=2,
                       min_samples_split=20, n_estimators=200)}",0.8491256321346623,0.8530590107556798,0.8572881218183906,0.8628387557777257,0.8614227359491512,0.8567468512871219,0.005117642438436356,35
3.4598200798034666,0.03276260886816808,0.2978533744812012,0.008183829033963622,100,50,5,sqrt,60,"RandomForestClassifier(max_depth=30, max_features='sqrt', min_samples_leaf=2,
                       min_samples_split=20, n_estimators=200)","{'clf__n_estimators': 100, 'clf__min_samples_split': 50, 'clf__min_samples_leaf': 5, 'clf__max_features': 'sqrt', 'clf__max_depth': 60, 'clf': RandomForestClassifier(max_depth=30, max_features='sqrt', min_samples_leaf=2,
                       min_samples_split=20, n_estimators=200)}",0.8480276628560919,0.8536588586965936,0.8576952624839947,0.861022676440948,0.859683028110256,0.8560174977175767,0.004705389694150318,43
6.804600811004638,0.07467014597292655,0.4466416835784912,0.0029562089656727476,200,50,2,sqrt,35,"RandomForestClassifier(max_depth=30, max_features='sqrt', min_samples_leaf=2,
                       min_samples_split=20, n_estimators=200)","{'clf__n_estimators': 200, 'clf__min_samples_split': 50, 'clf__min_samples_leaf': 2, 'clf__max_features': 'sqrt', 'clf__max_depth': 35, 'clf': RandomForestClassifier(max_depth=30, max_features='sqrt', min_samples_leaf=2,
                       min_samples_split=20, n_estimators=200)}",0.8505704152188331,0.8567337439872652,0.8574843667816703,0.8637049925400847,0.860903324583712,0.8578793686223131,0.004426544607265888,14
15.63494143486023,0.13993231134263115,0.8579485893249512,0.007705911786259426,500,20,10,auto,60,"RandomForestClassifier(max_depth=30, max_features='sqrt', min_samples_leaf=2,
                       min_samples_split=20, n_estimators=200)","{'clf__n_estimators': 500, 'clf__min_samples_split': 20, 'clf__min_samples_leaf': 10, 'clf__max_features': 'auto', 'clf__max_depth': 60, 'clf': RandomForestClassifier(max_depth=30, max_features='sqrt', min_samples_leaf=2,
                       min_samples_split=20, n_estimators=200)}",0.8484871075874846,0.8521480450234717,0.8573885736996817,0.8612611309543846,0.8601054533499125,0.855878062122987,0.004851167866832066,49
16.445627546310426,0.06827566967610167,0.9104222774505615,0.025952234684923723,500,20,5,auto,45,"RandomForestClassifier(max_depth=30, max_features='sqrt', min_samples_leaf=2,
                       min_samples_split=20, n_estimators=200)","{'clf__n_estimators': 500, 'clf__min_samples_split': 20, 'clf__min_samples_leaf': 5, 'clf__max_features': 'auto', 'clf__max_depth': 45, 'clf': RandomForestClassifier(max_depth=30, max_features='sqrt', min_samples_leaf=2,
                       min_samples_split=20, n_estimators=200)}",0.8512705610973148,0.855142724466606,0.8576318300030569,0.8634411699061909,0.8598465291369404,0.8574665629220218,0.004127424009867455,23
5.92225022315979,0.047374058210565125,0.40572171211242675,0.0055511413677600515,200,50,25,auto,60,"RandomForestClassifier(max_depth=30, max_features='sqrt', min_samples_leaf=2,
                       min_samples_split=20, n_estimators=200)","{'clf__n_estimators': 200, 'clf__min_samples_split': 50, 'clf__min_samples_leaf': 25, 'clf__max_features': 'auto', 'clf__max_depth': 60, 'clf': RandomForestClassifier(max_depth=30, max_features='sqrt', min_samples_leaf=2,
                       min_samples_split=20, n_estimators=200)}",0.846085713393403,0.8471593578279095,0.8532099006737193,0.8560105362345962,0.8542511175155064,0.851343325129027,0.003971656678774013,91
1.998444175720215,0.01625067243303946,0.23421053886413573,0.007744029256434334,50,10,5,sqrt,35,"RandomForestClassifier(max_depth=30, max_features='sqrt', min_samples_leaf=2,
                       min_samples_split=20, n_estimators=200)","{'clf__n_estimators': 50, 'clf__min_samples_split': 10, 'clf__min_samples_leaf': 5, 'clf__max_features': 'sqrt', 'clf__max_depth': 35, 'clf': RandomForestClassifier(max_depth=30, max_features='sqrt', min_samples_leaf=2,
                       min_samples_split=20, n_estimators=200)}",0.8509568031825179,0.8563138967214701,0.8582520641669396,0.8637442257500402,0.8614580711643705,0.8581450121970675,0.0044127620597239955,10
0.9820890903472901,0.029610650229477918,0.18093438148498536,0.0030347303372909072,20,50,5,sqrt,50,"RandomForestClassifier(max_depth=30, max_features='sqrt', min_samples_leaf=2,
                       min_samples_split=20, n_estimators=200)","{'clf__n_estimators': 20, 'clf__min_samples_split': 50, 'clf__min_samples_leaf': 5, 'clf__max_features': 'sqrt', 'clf__max_depth': 50, 'clf': RandomForestClassifier(max_depth=30, max_features='sqrt', min_samples_leaf=2,
                       min_samples_split=20, n_estimators=200)}",0.8534611557989344,0.8528968752335301,0.8599038871584078,0.8603364554004993,0.8586479080853526,0.8570492563353447,0.003213316558381183,32
1.740947151184082,0.05414967387599863,0.21804242134094237,0.008237509344412827,50,10,25,auto,35,"RandomForestClassifier(max_depth=30, max_features='sqrt', min_samples_leaf=2,
                       min_samples_split=20, n_estimators=200)","{'clf__n_estimators': 50, 'clf__min_samples_split': 10, 'clf__min_samples_leaf': 25, 'clf__max_features': 'auto', 'clf__max_depth': 35, 'clf': RandomForestClassifier(max_depth=30, max_features='sqrt', min_samples_leaf=2,
                       min_samples_split=20, n_estimators=200)}",0.8452876439818252,0.8485058233710878,0.8529858361193988,0.8590283067548149,0.853949822604405,0.8519514865663064,0.004720677975572077,75
0.914764404296875,0.014896492257134368,0.17868452072143554,0.003986339570186931,20,5,25,sqrt,30,"RandomForestClassifier(max_depth=30, max_features='sqrt', min_samples_leaf=2,
                       min_samples_split=20, n_estimators=200)","{'clf__n_estimators': 20, 'clf__min_samples_split': 5, 'clf__min_samples_leaf': 25, 'clf__max_features': 'sqrt', 'clf__max_depth': 30, 'clf': RandomForestClassifier(max_depth=30, max_features='sqrt', min_samples_leaf=2,
                       min_samples_split=20, n_estimators=200)}",0.8470130699245016,0.8464570147238799,0.8558345879353273,0.855361203816263,0.856565363701244,0.8522462480202432,0.004519629815918136,69
3.9350709915161133,0.06282061194183765,0.3284313201904297,0.008364640349876882,100,5,2,sqrt,50,"RandomForestClassifier(max_depth=30, max_features='sqrt', min_samples_leaf=2,
                       min_samples_split=20, n_estimators=200)","{'clf__n_estimators': 100, 'clf__min_samples_split': 5, 'clf__min_samples_leaf': 2, 'clf__max_features': 'sqrt', 'clf__max_depth': 50, 'clf': RandomForestClassifier(max_depth=30, max_features='sqrt', min_samples_leaf=2,
                       min_samples_split=20, n_estimators=200)}",0.8517638945903956,0.8548146310164807,0.855810535226939,0.8651619766520183,0.8590473193672556,0.8573196713706178,0.004558637832393332,25
18.100173425674438,0.132252092086227,0.9931773662567138,0.005252415284906608,500,10,2,auto,55,"RandomForestClassifier(max_depth=30, max_features='sqrt', min_samples_leaf=2,
                       min_samples_split=20, n_estimators=200)","{'clf__n_estimators': 500, 'clf__min_samples_split': 10, 'clf__min_samples_leaf': 2, 'clf__max_features': 'auto', 'clf__max_depth': 55, 'clf': RandomForestClassifier(max_depth=30, max_features='sqrt', min_samples_leaf=2,
                       min_samples_split=20, n_estimators=200)}",0.8546741557396061,0.8572718040766604,0.8575557651151797,0.8642059647720597,0.8593651382638344,0.858614565593468,0.0031710566336195065,3
1.835647964477539,0.018844021094008918,0.22097105979919435,0.0029923020261234294,50,50,10,auto,55,"RandomForestClassifier(max_depth=30, max_features='sqrt', min_samples_leaf=2,
                       min_samples_split=20, n_estimators=200)","{'clf__n_estimators': 50, 'clf__min_samples_split': 50, 'clf__min_samples_leaf': 10, 'clf__max_features': 'auto', 'clf__max_depth': 55, 'clf': RandomForestClassifier(max_depth=30, max_features='sqrt', min_samples_leaf=2,
                       min_samples_split=20, n_estimators=200)}",0.84949982079937,0.851370295856975,0.855481187992013,0.8600697231725054,0.8573329747373906,0.8547508005116509,0.003859860814453451,63
1.893706750869751,0.012798511205245031,0.2393369197845459,0.023785840119368275,50,20,10,auto,50,"RandomForestClassifier(max_depth=30, max_features='sqrt', min_samples_leaf=2,
                       min_samples_split=20, n_estimators=200)","{'clf__n_estimators': 50, 'clf__min_samples_split': 20, 'clf__min_samples_leaf': 10, 'clf__max_features': 'auto', 'clf__max_depth': 50, 'clf': RandomForestClassifier(max_depth=30, max_features='sqrt', min_samples_leaf=2,
                       min_samples_split=20, n_estimators=200)}",0.8500084416174998,0.8530653268714049,0.8567337439872652,0.8600396635511288,0.8580157686495715,0.8555725889353741,0.0035921654256324356,53
2.030757713317871,0.023122366838099175,0.23179020881652831,0.0037193241321079856,50,5,5,sqrt,60,"RandomForestClassifier(max_depth=30, max_features='sqrt', min_samples_leaf=2,
                       min_samples_split=20, n_estimators=200)","{'clf__n_estimators': 50, 'clf__min_samples_split': 5, 'clf__min_samples_leaf': 5, 'clf__max_features': 'sqrt', 'clf__max_depth': 60, 'clf': RandomForestClassifier(max_depth=30, max_features='sqrt', min_samples_leaf=2,
                       min_samples_split=20, n_estimators=200)}",0.8508552037367836,0.8547462029222126,0.8582702522900388,0.8628387557777257,0.8622968368035696,0.8578014503060661,0.004547254104506114,16
14.286598443984985,0.08660899620283619,0.825178575515747,0.025808613051079014,500,50,25,sqrt,45,"RandomForestClassifier(max_depth=30, max_features='sqrt', min_samples_leaf=2,
                       min_samples_split=20, n_estimators=200)","{'clf__n_estimators': 500, 'clf__min_samples_split': 50, 'clf__min_samples_leaf': 25, 'clf__max_features': 'sqrt', 'clf__max_depth': 45, 'clf': RandomForestClassifier(max_depth=30, max_features='sqrt', min_samples_leaf=2,
                       min_samples_split=20, n_estimators=200)}",0.8458096981013181,0.848594457493136,0.8536715914801493,0.8571129472889003,0.8532099006737193,0.8516797190074445,0.0039951211618114305,83
5.899290561676025,0.05013547432582514,0.40806941986083983,0.009137062355334584,200,5,25,sqrt,50,"RandomForestClassifier(max_depth=30, max_features='sqrt', min_samples_leaf=2,
                       min_samples_split=20, n_estimators=200)","{'clf__n_estimators': 200, 'clf__min_samples_split': 5, 'clf__min_samples_leaf': 25, 'clf__max_features': 'sqrt', 'clf__max_depth': 50, 'clf': RandomForestClassifier(max_depth=30, max_features='sqrt', min_samples_leaf=2,
                       min_samples_split=20, n_estimators=200)}",0.8456240532944804,0.848170773687427,0.853443354638747,0.8568778462943514,0.8545728589779444,0.8517377773785901,0.004182538163209775,80
3.1663870811462402,0.04724017100140024,0.27850775718688964,0.0013245331267936913,100,50,25,auto,45,"RandomForestClassifier(max_depth=30, max_features='sqrt', min_samples_leaf=2,
                       min_samples_split=20, n_estimators=200)","{'clf__n_estimators': 100, 'clf__min_samples_split': 50, 'clf__min_samples_leaf': 25, 'clf__max_features': 'auto', 'clf__max_depth': 45, 'clf': RandomForestClassifier(max_depth=30, max_features='sqrt', min_samples_leaf=2,
                       min_samples_split=20, n_estimators=200)}",0.8452579821457491,0.8471482924087983,0.8519194382620597,0.8565095313881015,0.8526486082774826,0.8506967704964383,0.004031498278166675,99
7.25084171295166,0.05755361165067202,0.47748761177062987,0.006104224162773552,200,20,2,sqrt,50,"RandomForestClassifier(max_depth=30, max_features='sqrt', min_samples_leaf=2,
                       min_samples_split=20, n_estimators=200)","{'clf__n_estimators': 200, 'clf__min_samples_split': 20, 'clf__min_samples_leaf': 2, 'clf__max_features': 'sqrt', 'clf__max_depth': 50, 'clf': RandomForestClassifier(max_depth=30, max_features='sqrt', min_samples_leaf=2,
                       min_samples_split=20, n_estimators=200)}",0.8540095621649219,0.8575824201645155,0.8558289822108105,0.8648075653402506,0.8600839739897593,0.8584625007740515,0.003753069247892639,6
3.2001354694366455,0.07116236371108249,0.297961950302124,0.019236157711657834,100,5,25,sqrt,30,"RandomForestClassifier(max_depth=30, max_features='sqrt', min_samples_leaf=2,
                       min_samples_split=20, n_estimators=200)","{'clf__n_estimators': 100, 'clf__min_samples_split': 5, 'clf__min_samples_leaf': 25, 'clf__max_features': 'sqrt', 'clf__max_depth': 30, 'clf': RandomForestClassifier(max_depth=30, max_features='sqrt', min_samples_leaf=2,
                       min_samples_split=20, n_estimators=200)}",0.8453842402671378,0.846857209036296,0.8534929310462688,0.8570618952570038,0.8537386357018975,0.8513069822617207,0.0044427398892388885,93
16.673326635360716,0.2215180765564364,0.9125659942626954,0.026646016784034318,500,50,2,sqrt,50,"RandomForestClassifier(max_depth=30, max_features='sqrt', min_samples_leaf=2,
                       min_samples_split=20, n_estimators=200)","{'clf__n_estimators': 500, 'clf__min_samples_split': 50, 'clf__min_samples_leaf': 2, 'clf__max_features': 'sqrt', 'clf__max_depth': 50, 'clf': RandomForestClassifier(max_depth=30, max_features='sqrt', min_samples_leaf=2,
                       min_samples_split=20, n_estimators=200)}",0.8503964513474849,0.8556673569893453,0.8591876187870406,0.863724934382236,0.862273693132429,0.8582500109277073,0.0048040069371487375,9
3.8546582221984864,0.032288520243816475,0.32013640403747556,0.007211600585396944,100,10,2,sqrt,45,"RandomForestClassifier(max_depth=30, max_features='sqrt', min_samples_leaf=2,
                       min_samples_split=20, n_estimators=200)","{'clf__n_estimators': 100, 'clf__min_samples_split': 10, 'clf__min_samples_leaf': 2, 'clf__max_features': 'sqrt', 'clf__max_depth': 45, 'clf': RandomForestClassifier(max_depth=30, max_features='sqrt', min_samples_leaf=2,
                       min_samples_split=20, n_estimators=200)}",0.8518762243555099,0.8567880596111808,0.8563657118746935,0.8628233611332203,0.8588897968195573,0.8573486307588324,0.0035658229593314825,24
1.9960925102233886,0.053364720656845915,0.2409529685974121,0.018265525274623256,50,10,5,auto,40,"RandomForestClassifier(max_depth=30, max_features='sqrt', min_samples_leaf=2,
                       min_samples_split=20, n_estimators=200)","{'clf__n_estimators': 50, 'clf__min_samples_split': 10, 'clf__min_samples_leaf': 5, 'clf__max_features': 'auto', 'clf__max_depth': 40, 'clf': RandomForestClassifier(max_depth=30, max_features='sqrt', min_samples_leaf=2,
                       min_samples_split=20, n_estimators=200)}",0.8529555411864994,0.8529131029804088,0.8563217475496752,0.8623358117381832,0.8616417307942118,0.8572335868497957,0.004080787627860536,28
15.756929540634156,0.04928491751409535,0.8825717449188233,0.03144796074045467,500,10,10,auto,30,"RandomForestClassifier(max_depth=30, max_features='sqrt', min_samples_leaf=2,
                       min_samples_split=20, n_estimators=200)","{'clf__n_estimators': 500, 'clf__min_samples_split': 10, 'clf__min_samples_leaf': 10, 'clf__max_features': 'auto', 'clf__max_depth': 30, 'clf': RandomForestClassifier(max_depth=30, max_features='sqrt', min_samples_leaf=2,
                       min_samples_split=20, n_estimators=200)}",0.8489975144953614,0.8520092233552533,0.8567890342216415,0.8624927190920987,0.8593859128484681,0.8559348808025646,0.004882259332538603,46
15.799020338058472,0.06781071449137552,0.8661849975585938,0.00772452498649396,500,20,10,sqrt,55,"RandomForestClassifier(max_depth=30, max_features='sqrt', min_samples_leaf=2,
                       min_samples_split=20, n_estimators=200)","{'clf__n_estimators': 500, 'clf__min_samples_split': 20, 'clf__min_samples_leaf': 10, 'clf__max_features': 'sqrt', 'clf__max_depth': 55, 'clf': RandomForestClassifier(max_depth=30, max_features='sqrt', min_samples_leaf=2,
                       min_samples_split=20, n_estimators=200)}",0.8488084498831633,0.8521432319595883,0.8566917746238507,0.8614280484782479,0.8597458150029865,0.8557634639895673,0.004696524221770198,50
0.9989551067352295,0.017477278817781543,0.18783721923828126,0.015478314980386688,20,5,5,sqrt,55,"RandomForestClassifier(max_depth=30, max_features='sqrt', min_samples_leaf=2,
                       min_samples_split=20, n_estimators=200)","{'clf__n_estimators': 20, 'clf__min_samples_split': 5, 'clf__min_samples_leaf': 5, 'clf__max_features': 'sqrt', 'clf__max_depth': 55, 'clf': RandomForestClassifier(max_depth=30, max_features='sqrt', min_samples_leaf=2,
                       min_samples_split=20, n_estimators=200)}",0.8484245803424694,0.8540307933694743,0.8566638576963054,0.8609756816634054,0.8582330398616715,0.8556655905866652,0.004263571074652803,52
3.604763698577881,0.06224119238816571,0.3021632194519043,0.003989866713450037,100,20,5,sqrt,45,"RandomForestClassifier(max_depth=30, max_features='sqrt', min_samples_leaf=2,
                       min_samples_split=20, n_estimators=200)","{'clf__n_estimators': 100, 'clf__min_samples_split': 20, 'clf__min_samples_leaf': 5, 'clf__max_features': 'sqrt', 'clf__max_depth': 45, 'clf': RandomForestClassifier(max_depth=30, max_features='sqrt', min_samples_leaf=2,
                       min_samples_split=20, n_estimators=200)}",0.8515910986811568,0.8530356522934446,0.8565661511864553,0.8641844412425762,0.8605026095861935,0.8571759905979652,0.004666692564052896,29
14.355967569351197,0.0721815064599412,0.7891541004180909,0.0027359505509318227,500,5,25,sqrt,35,"RandomForestClassifier(max_depth=30, max_features='sqrt', min_samples_leaf=2,
                       min_samples_split=20, n_estimators=200)","{'clf__n_estimators': 500, 'clf__min_samples_split': 5, 'clf__min_samples_leaf': 25, 'clf__max_features': 'sqrt', 'clf__max_depth': 35, 'clf': RandomForestClassifier(max_depth=30, max_features='sqrt', min_samples_leaf=2,
                       min_samples_split=20, n_estimators=200)}",0.8446464584733462,0.8474787458379605,0.8532639618242731,0.8565599487568397,0.8530709012837276,0.8510040032352293,0.0043149467232522845,98
15.844357824325561,0.08087358941902192,0.8766358375549317,0.034237983713742315,500,10,10,sqrt,50,"RandomForestClassifier(max_depth=30, max_features='sqrt', min_samples_leaf=2,
                       min_samples_split=20, n_estimators=200)","{'clf__n_estimators': 500, 'clf__min_samples_split': 10, 'clf__min_samples_leaf': 10, 'clf__max_features': 'sqrt', 'clf__max_depth': 50, 'clf': RandomForestClassifier(max_depth=30, max_features='sqrt', min_samples_leaf=2,
                       min_samples_split=20, n_estimators=200)}",0.8489915466011907,0.8526486082774826,0.8555484938130175,0.8615979063495068,0.860025067790066,0.8557623245662527,0.00464347674725232,51
0.8910533428192139,0.019331268457867447,0.18046112060546876,0.005998989440519626,20,5,25,auto,55,"RandomForestClassifier(max_depth=30, max_features='sqrt', min_samples_leaf=2,
                       min_samples_split=20, n_estimators=200)","{'clf__n_estimators': 20, 'clf__min_samples_split': 5, 'clf__min_samples_leaf': 25, 'clf__max_features': 'auto', 'clf__max_depth': 55, 'clf': RandomForestClassifier(max_depth=30, max_features='sqrt', min_samples_leaf=2,
                       min_samples_split=20, n_estimators=200)}",0.8452152060414085,0.8458206251483888,0.8518744113680821,0.8570175810258879,0.8553988359784047,0.8510653319124344,0.0048289555456974605,97
15.90109043121338,0.06691464280009869,0.8801654815673828,0.018310324918747768,500,20,10,sqrt,50,"RandomForestClassifier(max_depth=30, max_features='sqrt', min_samples_leaf=2,
                       min_samples_split=20, n_estimators=200)","{'clf__n_estimators': 500, 'clf__min_samples_split': 20, 'clf__min_samples_leaf': 10, 'clf__max_features': 'sqrt', 'clf__max_depth': 50, 'clf': RandomForestClassifier(max_depth=30, max_features='sqrt', min_samples_leaf=2,
                       min_samples_split=20, n_estimators=200)}",0.8490880568043254,0.8522820410637344,0.8564132378216884,0.8618901580031126,0.8600435700717863,0.8559434127529293,0.004749681095267051,45
1.8683899879455566,0.01100130242799646,0.2243422508239746,0.005453536354514766,50,10,10,auto,50,"RandomForestClassifier(max_depth=30, max_features='sqrt', min_samples_leaf=2,
                       min_samples_split=20, n_estimators=200)","{'clf__n_estimators': 50, 'clf__min_samples_split': 10, 'clf__min_samples_leaf': 10, 'clf__max_features': 'auto', 'clf__max_depth': 50, 'clf': RandomForestClassifier(max_depth=30, max_features='sqrt', min_samples_leaf=2,
                       min_samples_split=20, n_estimators=200)}",0.8479845960628033,0.8514940923520204,0.8567053457693306,0.8586943659232728,0.8574273986307737,0.85446115974764,0.004062126158333213,67
1.7452778816223145,0.03375457765520795,0.21299147605895996,0.0007347993305796679,50,10,25,sqrt,50,"RandomForestClassifier(max_depth=30, max_features='sqrt', min_samples_leaf=2,
                       min_samples_split=20, n_estimators=200)","{'clf__n_estimators': 50, 'clf__min_samples_split': 10, 'clf__min_samples_leaf': 25, 'clf__max_features': 'sqrt', 'clf__max_depth': 50, 'clf': RandomForestClassifier(max_depth=30, max_features='sqrt', min_samples_leaf=2,
                       min_samples_split=20, n_estimators=200)}",0.846122563811183,0.8467998191733601,0.8534879798716979,0.8560595251037864,0.8555038067984404,0.8515947389516935,0.004283350194523988,86
1.933607816696167,0.03610225517240732,0.2304903030395508,0.009611605588492115,50,50,5,sqrt,60,"RandomForestClassifier(max_depth=30, max_features='sqrt', min_samples_leaf=2,
                       min_samples_split=20, n_estimators=200)","{'clf__n_estimators': 50, 'clf__min_samples_split': 50, 'clf__min_samples_leaf': 5, 'clf__max_features': 'sqrt', 'clf__max_depth': 60, 'clf': RandomForestClassifier(max_depth=30, max_features='sqrt', min_samples_leaf=2,
                       min_samples_split=20, n_estimators=200)}",0.850138314057263,0.8547202562391596,0.8575255749243386,0.8608825635779547,0.8561487205915879,0.8558830858780608,0.0035247038281832526,48
7.551583003997803,0.05979871037996706,0.5004578113555909,0.004079570856919991,200,5,2,auto,35,"RandomForestClassifier(max_depth=30, max_features='sqrt', min_samples_leaf=2,
                       min_samples_split=20, n_estimators=200)","{'clf__n_estimators': 200, 'clf__min_samples_split': 5, 'clf__min_samples_leaf': 2, 'clf__max_features': 'auto', 'clf__max_depth': 35, 'clf': RandomForestClassifier(max_depth=30, max_features='sqrt', min_samples_leaf=2,
                       min_samples_split=20, n_estimators=200)}",0.8535794307982131,0.8561421419350463,0.8568423661037463,0.8641847679895087,0.8593817476362741,0.8580260908925578,0.0035913886683589203,12
2.0247894287109376,0.03943656304815311,0.24786782264709473,0.03650793436919174,50,20,2,auto,55,"RandomForestClassifier(max_depth=30, max_features='sqrt', min_samples_leaf=2,
                       min_samples_split=20, n_estimators=200)","{'clf__n_estimators': 50, 'clf__min_samples_split': 20, 'clf__min_samples_leaf': 2, 'clf__max_features': 'auto', 'clf__max_depth': 55, 'clf': RandomForestClassifier(max_depth=30, max_features='sqrt', min_samples_leaf=2,
                       min_samples_split=20, n_estimators=200)}",0.8560879180640472,0.8574518500234809,0.8583324322727264,0.8628634665850445,0.8599391304742555,0.8589349594839109,0.0023285113261378655,2
3.4178975105285643,0.0338610444593106,0.3149431228637695,0.032681639107059714,100,5,10,auto,35,"RandomForestClassifier(max_depth=30, max_features='sqrt', min_samples_leaf=2,
                       min_samples_split=20, n_estimators=200)","{'clf__n_estimators': 100, 'clf__min_samples_split': 5, 'clf__min_samples_leaf': 10, 'clf__max_features': 'auto', 'clf__max_depth': 35, 'clf': RandomForestClassifier(max_depth=30, max_features='sqrt', min_samples_leaf=2,
                       min_samples_split=20, n_estimators=200)}",0.8497346512546197,0.8534248300462519,0.857151729175803,0.8625340267303709,0.859665085199349,0.8565020644812789,0.0045183755134163344,40
0.9533657550811767,0.03331568243759739,0.18706955909729003,0.019430412105794704,20,20,10,sqrt,45,"RandomForestClassifier(max_depth=30, max_features='sqrt', min_samples_leaf=2,
                       min_samples_split=20, n_estimators=200)","{'clf__n_estimators': 20, 'clf__min_samples_split': 20, 'clf__min_samples_leaf': 10, 'clf__max_features': 'sqrt', 'clf__max_depth': 45, 'clf': RandomForestClassifier(max_depth=30, max_features='sqrt', min_samples_leaf=2,
                       min_samples_split=20, n_estimators=200)}",0.8487151315156423,0.8514820854882388,0.8532831662224684,0.8598568500721508,0.8594476731053653,0.8545569812807731,0.004409359893341008,65
6.5055583953857425,0.0340225541504479,0.4388944149017334,0.009249572631517022,200,5,10,auto,35,"RandomForestClassifier(max_depth=30, max_features='sqrt', min_samples_leaf=2,
                       min_samples_split=20, n_estimators=200)","{'clf__n_estimators': 200, 'clf__min_samples_split': 5, 'clf__min_samples_leaf': 10, 'clf__max_features': 'auto', 'clf__max_depth': 35, 'clf': RandomForestClassifier(max_depth=30, max_features='sqrt', min_samples_leaf=2,
                       min_samples_split=20, n_estimators=200)}",0.8492231959168363,0.8529319286320121,0.8569149269801762,0.8615136544934413,0.8593454156895525,0.8559858243424037,0.004421909409798316,44
6.794875526428223,0.05162553136916436,0.4824040412902832,0.01972714898579463,200,50,2,auto,55,"RandomForestClassifier(max_depth=30, max_features='sqrt', min_samples_leaf=2,
                       min_samples_split=20, n_estimators=200)","{'clf__n_estimators': 200, 'clf__min_samples_split': 50, 'clf__min_samples_leaf': 2, 'clf__max_features': 'auto', 'clf__max_depth': 55, 'clf': RandomForestClassifier(max_depth=30, max_features='sqrt', min_samples_leaf=2,
                       min_samples_split=20, n_estimators=200)}",0.8511671951860523,0.855292674011155,0.858967347841092,0.8634228677919034,0.8630743257884037,0.8583848821237211,0.004676926416581038,7
3.6721360206604006,0.016516188512393865,0.3121290683746338,0.010587780650915304,100,5,5,sqrt,30,"RandomForestClassifier(max_depth=30, max_features='sqrt', min_samples_leaf=2,
                       min_samples_split=20, n_estimators=200)","{'clf__n_estimators': 100, 'clf__min_samples_split': 5, 'clf__min_samples_leaf': 5, 'clf__max_features': 'sqrt', 'clf__max_depth': 30, 'clf': RandomForestClassifier(max_depth=30, max_features='sqrt', min_samples_leaf=2,
                       min_samples_split=20, n_estimators=200)}",0.8521799418605644,0.8555908339497833,0.8560606707647596,0.8638052857941845,0.8606239593373949,0.8576521383413374,0.004084596008792281,20
3.6607430934906007,0.06952851239485056,0.3087616920471191,0.008805825301888325,100,10,5,auto,30,"RandomForestClassifier(max_depth=30, max_features='sqrt', min_samples_leaf=2,
                       min_samples_split=20, n_estimators=200)","{'clf__n_estimators': 100, 'clf__min_samples_split': 10, 'clf__min_samples_leaf': 5, 'clf__max_features': 'auto', 'clf__max_depth': 30, 'clf': RandomForestClassifier(max_depth=30, max_features='sqrt', min_samples_leaf=2,
                       min_samples_split=20, n_estimators=200)}",0.8505733591750306,0.855409374396771,0.8570980081015909,0.8636575911767487,0.8582469922205068,0.8569970650141295,0.004236032919957163,33
6.600549745559692,0.018353562809055764,0.44481697082519533,0.009292925813519799,200,50,5,sqrt,35,"RandomForestClassifier(max_depth=30, max_features='sqrt', min_samples_leaf=2,
                       min_samples_split=20, n_estimators=200)","{'clf__n_estimators': 200, 'clf__min_samples_split': 50, 'clf__min_samples_leaf': 5, 'clf__max_features': 'sqrt', 'clf__max_depth': 35, 'clf': RandomForestClassifier(max_depth=30, max_features='sqrt', min_samples_leaf=2,
                       min_samples_split=20, n_estimators=200)}",0.8490810259305961,0.8537027828881852,0.857861185190864,0.8624760898348566,0.8601244258237157,0.8566491019336435,0.004763557079951003,37
2.0683643341064455,0.02633770336334565,0.23166995048522948,0.0053810313451402485,50,20,2,auto,35,"RandomForestClassifier(max_depth=30, max_features='sqrt', min_samples_leaf=2,
                       min_samples_split=20, n_estimators=200)","{'clf__n_estimators': 50, 'clf__min_samples_split': 20, 'clf__min_samples_leaf': 2, 'clf__max_features': 'auto', 'clf__max_depth': 35, 'clf': RandomForestClassifier(max_depth=30, max_features='sqrt', min_samples_leaf=2,
                       min_samples_split=20, n_estimators=200)}",0.8527675479259872,0.854702064617281,0.8584510429311202,0.8631421500360078,0.8589698566494521,0.8576065324319696,0.0036073984392907626,21
0.9290257453918457,0.026196319069644092,0.18240556716918946,0.006351961021017225,20,10,25,sqrt,35,"RandomForestClassifier(max_depth=30, max_features='sqrt', min_samples_leaf=2,
                       min_samples_split=20, n_estimators=200)","{'clf__n_estimators': 20, 'clf__min_samples_split': 10, 'clf__min_samples_leaf': 25, 'clf__max_features': 'sqrt', 'clf__max_depth': 35, 'clf': RandomForestClassifier(max_depth=30, max_features='sqrt', min_samples_leaf=2,
                       min_samples_split=20, n_estimators=200)}",0.8457762822181655,0.8490875085144586,0.8542946792462546,0.8585751733323912,0.8529833172325605,0.8521433921087661,0.004394993359972751,70
3.97914719581604,0.05120697022518962,0.3261401176452637,0.006642593688111494,100,5,2,auto,50,"RandomForestClassifier(max_depth=30, max_features='sqrt', min_samples_leaf=2,
                       min_samples_split=20, n_estimators=200)","{'clf__n_estimators': 100, 'clf__min_samples_split': 5, 'clf__min_samples_leaf': 2, 'clf__max_features': 'auto', 'clf__max_depth': 50, 'clf': RandomForestClassifier(max_depth=30, max_features='sqrt', min_samples_leaf=2,
                       min_samples_split=20, n_estimators=200)}",0.8560532044294834,0.8548676537129869,0.8571949645139624,0.862262854328983,0.8560289246185481,0.8572815203207927,0.0025971402862091835,26
6.772178411483765,0.06488987366650707,0.456197452545166,0.011433316831065136,200,50,2,sqrt,45,"RandomForestClassifier(max_depth=30, max_features='sqrt', min_samples_leaf=2,
                       min_samples_split=20, n_estimators=200)","{'clf__n_estimators': 200, 'clf__min_samples_split': 50, 'clf__min_samples_leaf': 2, 'clf__max_features': 'sqrt', 'clf__max_depth': 45, 'clf': RandomForestClassifier(max_depth=30, max_features='sqrt', min_samples_leaf=2,
                       min_samples_split=20, n_estimators=200)}",0.8505348067523301,0.8561595967325767,0.8583510920072664,0.8629021156357372,0.8613012396298466,0.8578497701515513,0.004337177325688901,15
16.00090870857239,0.059596559062998274,0.8698622703552246,0.004779530122897246,500,50,5,auto,55,"RandomForestClassifier(max_depth=30, max_features='sqrt', min_samples_leaf=2,
                       min_samples_split=20, n_estimators=200)","{'clf__n_estimators': 500, 'clf__min_samples_split': 50, 'clf__min_samples_leaf': 5, 'clf__max_features': 'auto', 'clf__max_depth': 55, 'clf': RandomForestClassifier(max_depth=30, max_features='sqrt', min_samples_leaf=2,
                       min_samples_split=20, n_estimators=200)}",0.8490810259305961,0.8538994817331171,0.8573602485695112,0.8647683395182499,0.8605047302944752,0.85712276520919,0.005385313727014967,30
1.8847752571105958,0.03248556103591721,0.22181401252746583,0.0029795032700690636,50,50,5,sqrt,45,"RandomForestClassifier(max_depth=30, max_features='sqrt', min_samples_leaf=2,
                       min_samples_split=20, n_estimators=200)","{'clf__n_estimators': 50, 'clf__min_samples_split': 50, 'clf__min_samples_leaf': 5, 'clf__max_features': 'sqrt', 'clf__max_depth': 45, 'clf': RandomForestClassifier(max_depth=30, max_features='sqrt', min_samples_leaf=2,
                       min_samples_split=20, n_estimators=200)}",0.8510884794444892,0.8534953852139037,0.8555782491133674,0.8613134278419309,0.8610826128082744,0.856511630884393,0.004082416950416249,39
1.8908512115478515,0.011543859423549421,0.2289135456085205,0.011686029293488052,50,50,5,auto,30,"RandomForestClassifier(max_depth=30, max_features='sqrt', min_samples_leaf=2,
                       min_samples_split=20, n_estimators=200)","{'clf__n_estimators': 50, 'clf__min_samples_split': 50, 'clf__min_samples_leaf': 5, 'clf__max_features': 'auto', 'clf__max_depth': 30, 'clf': RandomForestClassifier(max_depth=30, max_features='sqrt', min_samples_leaf=2,
                       min_samples_split=20, n_estimators=200)}",0.8501267258133448,0.8517215168488378,0.8587467579068702,0.8621543964777452,0.8626999457560713,0.8570898685605737,0.005237790535871146,31
18.35592164993286,0.10945212500519907,1.0256539344787599,0.01705700027366495,500,5,2,sqrt,35,"RandomForestClassifier(max_depth=30, max_features='sqrt', min_samples_leaf=2,
                       min_samples_split=20, n_estimators=200)","{'clf__n_estimators': 500, 'clf__min_samples_split': 5, 'clf__min_samples_leaf': 2, 'clf__max_features': 'sqrt', 'clf__max_depth': 35, 'clf': RandomForestClassifier(max_depth=30, max_features='sqrt', min_samples_leaf=2,
                       min_samples_split=20, n_estimators=200)}",0.8528720597759915,0.8576950078960007,0.856465140194403,0.8632029521485394,0.8585075083326729,0.8577485336695215,0.003339361763518447,18
5.871862554550171,0.01904676859301357,0.4064913272857666,0.005176089018359496,200,10,25,auto,30,"RandomForestClassifier(max_depth=30, max_features='sqrt', min_samples_leaf=2,
                       min_samples_split=20, n_estimators=200)","{'clf__n_estimators': 200, 'clf__min_samples_split': 10, 'clf__min_samples_leaf': 25, 'clf__max_features': 'auto', 'clf__max_depth': 30, 'clf': RandomForestClassifier(max_depth=30, max_features='sqrt', min_samples_leaf=2,
                       min_samples_split=20, n_estimators=200)}",0.8445981003547993,0.847249920788212,0.8543169207349226,0.8584968751824242,0.854163733276014,0.8517651100672744,0.005085956252093555,79
15.204255390167237,0.023313839248021467,0.8482898235321045,0.024266760812059033,500,50,10,auto,35,"RandomForestClassifier(max_depth=30, max_features='sqrt', min_samples_leaf=2,
                       min_samples_split=20, n_estimators=200)","{'clf__n_estimators': 500, 'clf__min_samples_split': 50, 'clf__min_samples_leaf': 10, 'clf__max_features': 'auto', 'clf__max_depth': 35, 'clf': RandomForestClassifier(max_depth=30, max_features='sqrt', min_samples_leaf=2,
                       min_samples_split=20, n_estimators=200)}",0.848078305003773,0.8521069984632375,0.8555174520751327,0.8603498357404851,0.8593799838381941,0.8550865150241644,0.0045675957086534205,59
1.725848627090454,0.011010890564152049,0.2124040126800537,0.002605744837953312,50,5,25,sqrt,40,"RandomForestClassifier(max_depth=30, max_features='sqrt', min_samples_leaf=2,
                       min_samples_split=20, n_estimators=200)","{'clf__n_estimators': 50, 'clf__min_samples_split': 5, 'clf__min_samples_leaf': 25, 'clf__max_features': 'sqrt', 'clf__max_depth': 40, 'clf': RandomForestClassifier(max_depth=30, max_features='sqrt', min_samples_leaf=2,
                       min_samples_split=20, n_estimators=200)}",0.8445086312428551,0.8511881732307939,0.85127420705623,0.8578849837869702,0.8553645123090525,0.8520441015251803,0.004544220427840271,71
14.21147403717041,0.06938736170774575,0.7830752849578857,0.006246442326550964,500,50,25,auto,35,"RandomForestClassifier(max_depth=30, max_features='sqrt', min_samples_leaf=2,
                       min_samples_split=20, n_estimators=200)","{'clf__n_estimators': 500, 'clf__min_samples_split': 50, 'clf__min_samples_leaf': 25, 'clf__max_features': 'auto', 'clf__max_depth': 35, 'clf': RandomForestClassifier(max_depth=30, max_features='sqrt', min_samples_leaf=2,
                       min_samples_split=20, n_estimators=200)}",0.8459363331055911,0.8486416594070432,0.8532099006737193,0.857068462095302,0.8533934679109862,0.8516499646385285,0.003912257773817474,84
16.61006169319153,0.05051100200396271,0.9274764060974121,0.02838676361745125,500,20,5,sqrt,35,"RandomForestClassifier(max_depth=30, max_features='sqrt', min_samples_leaf=2,
                       min_samples_split=20, n_estimators=200)","{'clf__n_estimators': 500, 'clf__min_samples_split': 20, 'clf__min_samples_leaf': 5, 'clf__max_features': 'sqrt', 'clf__max_depth': 35, 'clf': RandomForestClassifier(max_depth=30, max_features='sqrt', min_samples_leaf=2,
                       min_samples_split=20, n_estimators=200)}",0.8501770386413675,0.8551963797464107,0.8561336475520669,0.8630199861465795,0.8617420384008813,0.8572538180974613,0.004668221450446341,27
6.845810079574585,0.050808658305055605,0.46116132736206056,0.006991096172362501,200,20,5,sqrt,55,"RandomForestClassifier(max_depth=30, max_features='sqrt', min_samples_leaf=2,
                       min_samples_split=20, n_estimators=200)","{'clf__n_estimators': 200, 'clf__min_samples_split': 20, 'clf__min_samples_leaf': 5, 'clf__max_features': 'sqrt', 'clf__max_depth': 55, 'clf': RandomForestClassifier(max_depth=30, max_features='sqrt', min_samples_leaf=2,
                       min_samples_split=20, n_estimators=200)}",0.8504911021161196,0.8556138889412079,0.8582877708656654,0.8635816199262135,0.8609607373974442,0.85778702384933,0.004513392033052685,17
2.0130372047424316,0.04330394262889599,0.23132109642028809,0.0037958485300769117,50,5,5,sqrt,50,"RandomForestClassifier(max_depth=30, max_features='sqrt', min_samples_leaf=2,
                       min_samples_split=20, n_estimators=200)","{'clf__n_estimators': 50, 'clf__min_samples_split': 5, 'clf__min_samples_leaf': 5, 'clf__max_features': 'sqrt', 'clf__max_depth': 50, 'clf': RandomForestClassifier(max_depth=30, max_features='sqrt', min_samples_leaf=2,
                       min_samples_split=20, n_estimators=200)}",0.8526181831475507,0.8552031247888046,0.8583510920072664,0.8635038767082067,0.8607759449762603,0.8580904443256177,0.0038695570192996665,11
14.539318132400513,0.10127105436686241,0.7961785316467285,0.008016413017819326,500,10,25,sqrt,45,"RandomForestClassifier(max_depth=30, max_features='sqrt', min_samples_leaf=2,
                       min_samples_split=20, n_estimators=200)","{'clf__n_estimators': 500, 'clf__min_samples_split': 10, 'clf__min_samples_leaf': 25, 'clf__max_features': 'sqrt', 'clf__max_depth': 45, 'clf': RandomForestClassifier(max_depth=30, max_features='sqrt', min_samples_leaf=2,
                       min_samples_split=20, n_estimators=200)}",0.8464999341121927,0.847249920788212,0.8521100383990149,0.8572971349316866,0.853120542644559,0.851255514175133,0.003984219981963089,94
14.505400705337525,0.07200202901742103,0.8096767902374268,0.02877375079766293,500,5,25,sqrt,60,"RandomForestClassifier(max_depth=30, max_features='sqrt', min_samples_leaf=2,
                       min_samples_split=20, n_estimators=200)","{'clf__n_estimators': 500, 'clf__min_samples_split': 5, 'clf__min_samples_leaf': 25, 'clf__max_features': 'sqrt', 'clf__max_depth': 60, 'clf': RandomForestClassifier(max_depth=30, max_features='sqrt', min_samples_leaf=2,
                       min_samples_split=20, n_estimators=200)}",0.8448807351049373,0.8479934438156388,0.8526138556195855,0.8578051563868545,0.854911003289464,0.8516408388432961,0.004661374067180077,85
1.9954026699066163,0.017306443611879548,0.22767186164855957,0.0059026233869905595,50,20,5,sqrt,50,"RandomForestClassifier(max_depth=30, max_features='sqrt', min_samples_leaf=2,
                       min_samples_split=20, n_estimators=200)","{'clf__n_estimators': 50, 'clf__min_samples_split': 20, 'clf__min_samples_leaf': 5, 'clf__max_features': 'sqrt', 'clf__max_depth': 50, 'clf': RandomForestClassifier(max_depth=30, max_features='sqrt', min_samples_leaf=2,
                       min_samples_split=20, n_estimators=200)}",0.8510287815990658,0.8558385244038548,0.8576649081860538,0.8646469091407741,0.8592087431489402,0.8576775732957378,0.004438576697495228,19
1.7916473865509033,0.011450867564689686,0.2149716854095459,0.0018187052708316504,50,10,25,auto,55,"RandomForestClassifier(max_depth=30, max_features='sqrt', min_samples_leaf=2,
                       min_samples_split=20, n_estimators=200)","{'clf__n_estimators': 50, 'clf__min_samples_split': 10, 'clf__min_samples_leaf': 25, 'clf__max_features': 'auto', 'clf__max_depth': 55, 'clf': RandomForestClassifier(max_depth=30, max_features='sqrt', min_samples_leaf=2,
                       min_samples_split=20, n_estimators=200)}",0.8446389548580592,0.8474874787435283,0.852801727851447,0.8583045646227826,0.8527977306503713,0.8512060913452377,0.004741794085205239,95
5.933890056610108,0.07562374791330224,0.40235652923583987,0.004114961883016849,200,20,25,auto,45,"RandomForestClassifier(max_depth=30, max_features='sqrt', min_samples_leaf=2,
                       min_samples_split=20, n_estimators=200)","{'clf__n_estimators': 200, 'clf__min_samples_split': 20, 'clf__min_samples_leaf': 25, 'clf__max_features': 'auto', 'clf__max_depth': 45, 'clf': RandomForestClassifier(max_depth=30, max_features='sqrt', min_samples_leaf=2,
                       min_samples_split=20, n_estimators=200)}",0.8457142548979619,0.8480844319968432,0.8521554127157784,0.8585048986042045,0.8550675608803492,0.8519053118190275,0.00461617208810325,76
3.1687355995178224,0.03351628417251834,0.2789586067199707,0.0036932062377412643,100,10,25,auto,60,"RandomForestClassifier(max_depth=30, max_features='sqrt', min_samples_leaf=2,
                       min_samples_split=20, n_estimators=200)","{'clf__n_estimators': 100, 'clf__min_samples_split': 10, 'clf__min_samples_leaf': 25, 'clf__max_features': 'auto', 'clf__max_depth': 60, 'clf': RandomForestClassifier(max_depth=30, max_features='sqrt', min_samples_leaf=2,
                       min_samples_split=20, n_estimators=200)}",0.8450773728000986,0.8496046198523852,0.8540386011655031,0.8573925698910043,0.8538856310998333,0.8519997589617649,0.004253279264189442,72
5.99351544380188,0.0537908311398549,0.405336332321167,0.006523041991882719,200,20,25,sqrt,35,"RandomForestClassifier(max_depth=30, max_features='sqrt', min_samples_leaf=2,
                       min_samples_split=20, n_estimators=200)","{'clf__n_estimators': 200, 'clf__min_samples_split': 20, 'clf__min_samples_leaf': 25, 'clf__max_features': 'sqrt', 'clf__max_depth': 35, 'clf': RandomForestClassifier(max_depth=30, max_features='sqrt', min_samples_leaf=2,
                       min_samples_split=20, n_estimators=200)}",0.8447967783653808,0.8477554754873142,0.8551015483753135,0.8571573438874779,0.8530308277996961,0.8515683947830365,0.004609802147390436,87
0.961178207397461,0.04343150234766498,0.17989559173583985,0.0011497238491027862,20,20,10,sqrt,35,"RandomForestClassifier(max_depth=30, max_features='sqrt', min_samples_leaf=2,
                       min_samples_split=20, n_estimators=200)","{'clf__n_estimators': 20, 'clf__min_samples_split': 20, 'clf__min_samples_leaf': 10, 'clf__max_features': 'sqrt', 'clf__max_depth': 35, 'clf': RandomForestClassifier(max_depth=30, max_features='sqrt', min_samples_leaf=2,
                       min_samples_split=20, n_estimators=200)}",0.8482587387478608,0.8523396200144293,0.8577130338631549,0.8583913605372833,0.8568591515602556,0.8547123809445967,0.0038581582365820872,64
1.971095371246338,0.049119091072356486,0.22974658012390137,0.005240109327341131,50,20,5,sqrt,55,"RandomForestClassifier(max_depth=30, max_features='sqrt', min_samples_leaf=2,
                       min_samples_split=20, n_estimators=200)","{'clf__n_estimators': 50, 'clf__min_samples_split': 20, 'clf__min_samples_leaf': 5, 'clf__max_features': 'sqrt', 'clf__max_depth': 55, 'clf': RandomForestClassifier(max_depth=30, max_features='sqrt', min_samples_leaf=2,
                       min_samples_split=20, n_estimators=200)}",0.8514440972660179,0.8544048626192904,0.8568950769302075,0.8633415354748737,0.8588897968195573,0.8569950738219893,0.00403485030520198,34
15.346978330612183,0.09446764231273308,0.835878324508667,0.006873137995884328,500,50,10,auto,40,"RandomForestClassifier(max_depth=30, max_features='sqrt', min_samples_leaf=2,
                       min_samples_split=20, n_estimators=200)","{'clf__n_estimators': 500, 'clf__min_samples_split': 50, 'clf__min_samples_leaf': 10, 'clf__max_features': 'auto', 'clf__max_depth': 40, 'clf': RandomForestClassifier(max_depth=30, max_features='sqrt', min_samples_leaf=2,
                       min_samples_split=20, n_estimators=200)}",0.8474334792418345,0.8515064826736203,0.8564806690612985,0.8611908424992537,0.860444141421833,0.855411122979568,0.005268194694815105,55
5.942660617828369,0.08460336066523858,0.4124764919281006,0.019792193761738016,200,10,25,sqrt,50,"RandomForestClassifier(max_depth=30, max_features='sqrt', min_samples_leaf=2,
                       min_samples_split=20, n_estimators=200)","{'clf__n_estimators': 200, 'clf__min_samples_split': 10, 'clf__min_samples_leaf': 25, 'clf__max_features': 'sqrt', 'clf__max_depth': 50, 'clf': RandomForestClassifier(max_depth=30, max_features='sqrt', min_samples_leaf=2,
                       min_samples_split=20, n_estimators=200)}",0.8442398300216106,0.8490127742327155,0.8538929239310874,0.8580157512565275,0.853980841405732,0.8518284241695346,0.004747477675865009,77
1.0371628284454346,0.021213805703424137,0.18690991401672363,0.004439889345959652,20,10,5,auto,60,"RandomForestClassifier(max_depth=30, max_features='sqrt', min_samples_leaf=2,
                       min_samples_split=20, n_estimators=200)","{'clf__n_estimators': 20, 'clf__min_samples_split': 10, 'clf__min_samples_leaf': 5, 'clf__max_features': 'auto', 'clf__max_depth': 60, 'clf': RandomForestClassifier(max_depth=30, max_features='sqrt', min_samples_leaf=2,
                       min_samples_split=20, n_estimators=200)}",0.8518682237292645,0.854233162760245,0.8536036302272947,0.8626027294092741,0.8595075181139838,0.8563630528480124,0.004029281801773155,41
1.7807373523712158,0.030876554749976057,0.21994686126708984,0.007292073183286192,50,5,25,sqrt,55,"RandomForestClassifier(max_depth=30, max_features='sqrt', min_samples_leaf=2,
                       min_samples_split=20, n_estimators=200)","{'clf__n_estimators': 50, 'clf__min_samples_split': 5, 'clf__min_samples_leaf': 25, 'clf__max_features': 'sqrt', 'clf__max_depth': 55, 'clf': RandomForestClassifier(max_depth=30, max_features='sqrt', min_samples_leaf=2,
                       min_samples_split=20, n_estimators=200)}",0.8466458295274087,0.8499396688905158,0.8517316594357076,0.8570545983827759,0.8543981282042131,0.8519539768881244,0.0035853453236638346,74
14.40966076850891,0.15487758099548019,0.7958742141723633,0.022868822055399248,500,10,25,sqrt,30,"RandomForestClassifier(max_depth=30, max_features='sqrt', min_samples_leaf=2,
                       min_samples_split=20, n_estimators=200)","{'clf__n_estimators': 500, 'clf__min_samples_split': 10, 'clf__min_samples_leaf': 25, 'clf__max_features': 'sqrt', 'clf__max_depth': 30, 'clf': RandomForestClassifier(max_depth=30, max_features='sqrt', min_samples_leaf=2,
                       min_samples_split=20, n_estimators=200)}",0.8462185581196082,0.8471593578279095,0.8534929310462688,0.8575768017785638,0.8540760001692668,0.8517047297883235,0.004337287222542497,82
3.309217834472656,0.05482597369798777,0.2899068832397461,0.0067326774788872105,100,50,10,auto,50,"RandomForestClassifier(max_depth=30, max_features='sqrt', min_samples_leaf=2,
                       min_samples_split=20, n_estimators=200)","{'clf__n_estimators': 100, 'clf__min_samples_split': 50, 'clf__min_samples_leaf': 10, 'clf__max_features': 'auto', 'clf__max_depth': 50, 'clf': RandomForestClassifier(max_depth=30, max_features='sqrt', min_samples_leaf=2,
                       min_samples_split=20, n_estimators=200)}",0.8477538274357309,0.8523316433479435,0.8547893235123838,0.859253970534127,0.8583362748151481,0.8544930079290667,0.0041860080932468345,66
0.9319234371185303,0.014727962996918972,0.18659791946411133,0.007949588949848962,20,50,10,sqrt,45,"RandomForestClassifier(max_depth=30, max_features='sqrt', min_samples_leaf=2,
                       min_samples_split=20, n_estimators=200)","{'clf__n_estimators': 20, 'clf__min_samples_split': 50, 'clf__min_samples_leaf': 10, 'clf__max_features': 'sqrt', 'clf__max_depth': 45, 'clf': RandomForestClassifier(max_depth=30, max_features='sqrt', min_samples_leaf=2,
                       min_samples_split=20, n_estimators=200)}",0.8504400723249994,0.8495682944459098,0.8573885736996817,0.8610492305394746,0.8586701210793221,0.8554232584178776,0.004586259703973541,54
0.8926238536834716,0.024420993766035307,0.18903942108154298,0.015477266759183591,20,50,25,sqrt,50,"RandomForestClassifier(max_depth=30, max_features='sqrt', min_samples_leaf=2,
                       min_samples_split=20, n_estimators=200)","{'clf__n_estimators': 20, 'clf__min_samples_split': 50, 'clf__min_samples_leaf': 25, 'clf__max_features': 'sqrt', 'clf__max_depth': 50, 'clf': RandomForestClassifier(max_depth=30, max_features='sqrt', min_samples_leaf=2,
                       min_samples_split=20, n_estimators=200)}",0.848351653328887,0.8470802042183362,0.8559653533147324,0.8573259338011283,0.8552391485713053,0.8527924586468778,0.0042179746718654315,68
0.9975337028503418,0.043976101103818346,0.19457631111145018,0.011456939901290404,20,20,5,sqrt,50,"RandomForestClassifier(max_depth=30, max_features='sqrt', min_samples_leaf=2,
                       min_samples_split=20, n_estimators=200)","{'clf__n_estimators': 20, 'clf__min_samples_split': 20, 'clf__min_samples_leaf': 5, 'clf__max_features': 'sqrt', 'clf__max_depth': 50, 'clf': RandomForestClassifier(max_depth=30, max_features='sqrt', min_samples_leaf=2,
                       min_samples_split=20, n_estimators=200)}",0.8466016908249608,0.8516270973234067,0.8558555661491636,0.8623412550958246,0.8582731992371145,0.8549397617260942,0.005426412798166277,61
6.823169088363647,0.09821464134013412,0.4560558319091797,0.010094950920149377,200,20,5,auto,55,"RandomForestClassifier(max_depth=30, max_features='sqrt', min_samples_leaf=2,
                       min_samples_split=20, n_estimators=200)","{'clf__n_estimators': 200, 'clf__min_samples_split': 20, 'clf__min_samples_leaf': 5, 'clf__max_features': 'auto', 'clf__max_depth': 55, 'clf': RandomForestClassifier(max_depth=30, max_features='sqrt', min_samples_leaf=2,
                       min_samples_split=20, n_estimators=200)}",0.8506219553433446,0.8554209661311362,0.8572309078708011,0.8657520481506596,0.860444645473295,0.8578941045938473,0.005053571691201576,13
7.4372516632080075,0.04208902140903696,0.4900652885437012,0.004615732855753325,200,10,2,sqrt,35,"RandomForestClassifier(max_depth=30, max_features='sqrt', min_samples_leaf=2,
                       min_samples_split=20, n_estimators=200)","{'clf__n_estimators': 200, 'clf__min_samples_split': 10, 'clf__min_samples_leaf': 2, 'clf__max_features': 'sqrt', 'clf__max_depth': 35, 'clf': RandomForestClassifier(max_depth=30, max_features='sqrt', min_samples_leaf=2,
                       min_samples_split=20, n_estimators=200)}",0.8539124465583876,0.8567053457693306,0.8570013859270057,0.8636844035658316,0.8617050741071481,0.8586017311855407,0.0035668212380843478,5
7.198339176177979,0.06963133457506972,0.4722942352294922,0.0075334031423095,200,20,2,sqrt,30,"RandomForestClassifier(max_depth=30, max_features='sqrt', min_samples_leaf=2,
                       min_samples_split=20, n_estimators=200)","{'clf__n_estimators': 200, 'clf__min_samples_split': 20, 'clf__min_samples_leaf': 2, 'clf__max_features': 'sqrt', 'clf__max_depth': 30, 'clf': RandomForestClassifier(max_depth=30, max_features='sqrt', min_samples_leaf=2,
                       min_samples_split=20, n_estimators=200)}",0.8533294876282284,0.8582061322350123,0.856940639545062,0.8658485327591218,0.8618773389343135,0.8592404262203477,0.004287618418856588,1
7.2313779354095455,0.223296176811136,0.4630013942718506,0.06116918878422095,200,10,2,auto,55,"RandomForestClassifier(max_depth=30, max_features='sqrt', min_samples_leaf=2,
                       min_samples_split=20, n_estimators=200)","{'clf__n_estimators': 200, 'clf__min_samples_split': 10, 'clf__min_samples_leaf': 2, 'clf__max_features': 'auto', 'clf__max_depth': 55, 'clf': RandomForestClassifier(max_depth=30, max_features='sqrt', min_samples_leaf=2,
                       min_samples_split=20, n_estimators=200)}",0.8522755462957794,0.8572309078708011,0.8565446596709331,0.8625831732724041,0.8589472238323119,0.857516302188446,0.0033529622949635763,22
